<?xml version="1.0" encoding="UTF-8"?>
<beans xmlns="http://www.springframework.org/schema/beans"
	xmlns:xsi="http://www.w3.org/2001/XMLSchema-instance"
	xmlns:context="http://www.springframework.org/schema/context"
	xmlns:mvc="http://www.springframework.org/schema/mvc"
	xsi:schemaLocation="http://www.springframework.org/schema/beans
		http://www.springframework.org/schema/beans/spring-beans-4.3.xsd
		http://www.springframework.org/schema/context
		http://www.springframework.org/schema/context/spring-context-4.3.xsd
		http://www.springframework.org/schema/mvc 
		http://www.springframework.org/schema/mvc/spring-mvc-4.3.xsd">

	<description>Spring MVC</description>

	<context:component-scan base-package="*.controller, *.model.*" />

	<bean class="org.springframework.web.servlet.view.InternalResourceViewResolver">
		<property name="prefix" value="/" />
		<property name="suffix" value=".jsp" />
		<property name="contentType" value="text/html;charset=UTF-8" />
	</bean>

	<mvc:default-servlet-handler />
	<!-- <mvc:resources location="/static/" mapping="/resource/**" /> -->

<!-- 	<mvc:annotation-driven> -->
<!-- 		<mvc:message-converters> -->
<!-- 			<bean class="org.springframework.http.converter.json.MappingJackson2HttpMessageConverter" /> -->
<!-- 		</mvc:message-converters> -->
<!-- 	</mvc:annotation-driven> -->
	
	<mvc:annotation-driven />

</beans>
