<beans:beans xmlns="http://www.springframework.org/schema/security"
	xmlns:beans="http://www.springframework.org/schema/beans"
	xmlns:xsi="http://www.w3.org/2001/XMLSchema-instance"
	xsi:schemaLocation="http://www.springframework.org/schema/beans
		http://www.springframework.org/schema/beans/spring-beans-4.3.xsd
		http://www.springframework.org/schema/security
		http://www.springframework.org/schema/security/spring-security-4.2.xsd">

	<http auto-config="true" use-expressions="true">
		<intercept-url pattern="/admin**" access="hasRole('ROLE_ADMIN')" />
		
		<form-login login-page="/login"
		    default-target-url="/homePage"
			authentication-failure-url="/login?errorMessage" 
			username-parameter="username"
			password-parameter="password" />
			
		<logout logout-success-url="/logout" delete-cookies="JSESSIONID" />
		
		<csrf/>
		
		<access-denied-handler error-page="/403" />
	</http>
	
	<authentication-manager>
<!-- 		<authentication-provider> -->
<!-- 			<jdbc-user-service data-source-ref="dataSource" -->
<!-- 				users-by-username-query="select username,password, enabled from users where username = ?" -->
<!-- 				authorities-by-username-query="select username, role from user_roles where username = ?" /> -->
<!-- 		</authentication-provider> -->
		<authentication-provider user-service-ref="userDetailsService">
			<password-encoder ref="encoder" />
		</authentication-provider>
	</authentication-manager>

	<beans:bean id="encoder" class="org.springframework.security.crypto.bcrypt.BCryptPasswordEncoder">
		<beans:constructor-arg name="strength" value="10" />
	</beans:bean>
	
<!-- 	<beans:bean id="authProvider" class="org.springframework.security.authentication.dao.DaoAuthenticationProvider"> -->
<!-- 		<beans:property name="userDetailsService" ref="userDetailsService" /> -->
<!-- 		<beans:property name="passwordEncoder" ref="encoder" /> -->
<!--   	</beans:bean> -->
  	
  	<beans:bean id="userDetailsService" class="core.model.service.UserDetailsService">
  		<beans:constructor-arg>
  			<beans:bean class="core.model.dao.UserDaoImpl">
  				<beans:constructor-arg ref="dataSource" />
  			</beans:bean>
  		</beans:constructor-arg>
  	</beans:bean>
  	
</beans:beans>